user,rating,date,snippet
"{'name': 'Viên Nguyễn', 'link': 'https://www.google.com/maps/contrib/107490440356102315929?hl=vi', 'contributor_id': '107490440356102315929', 'thumbnail': 'https://lh3.googleusercontent.com/a-/ALV-UjVVUlTM-w8r8V6DaL8M18GhaZ1F3hsK6bLvhDlDkZB9O0RImS4=s120-c-rp-mo-br100', 'local_guide': True, 'reviews': 6, 'photos': 0}",1.0,3 tuần trước,Môn kế toán 1 kì sau học nên đăng kí vậy mà đăng kí học phần xong mới biết ngày 17/11 nộp học phí mà lịch nộp học phí là từ 22/11_22/12 sao trường sắp lớp kiểu j kì vậy rồi không cho hủy học phần nx chứ. Rồi tiền đâu nộp liền hả ?
"{'name': 'Anh Hai', 'link': 'https://www.google.com/maps/contrib/109491491354211987588?hl=vi', 'contributor_id': '109491491354211987588', 'thumbnail': 'https://lh3.googleusercontent.com/a-/ALV-UjXA16c-DLHUVGJYTZnmh-LLYIXX7QGiU9zPVgxi2V8-ea5Bb-0=s120-c-rp-mo-br100', 'local_guide': True, 'reviews': 2, 'photos': 0}",1.0,4 tuần trước,mới đăng kí học phần hôm qua mà lịch nộp học phí từ 22/11-22/12 mà tự nhiên có mấy môn đăng kí xong mới biết là ngày 24/11 học rồi với lại không cho hủy. vậy giờ đóng học phí sao ? Tiền đâu có liền mà đóng.
"{'name': 'Thu Hà', 'link': 'https://www.google.com/maps/contrib/116953939561498929553?hl=vi', 'contributor_id': '116953939561498929553', 'thumbnail': 'https://lh3.googleusercontent.com/a-/ALV-UjWGsxWJbsgb4Q0G7UBIS0B5CUijKTuBcLx8xo7Gvaglv8LfnkOk=s120-c-rp-mo-br100', 'local_guide': True, 'reviews': 3, 'photos': 0}",1.0,2 tháng trước,"Cơ sở vật chất toà E rất dởm mà tiền học phí thì không như tuyển sinh nói , tăng học phí chóng mặt trong khi mới học có 1 tháng mà cb đóng học phí tiếp cho hk2 , không như các trường khác không cho nợ học phí bắt đóng liền . đang học và rất hối hận khuyên mn không nên học vào ntt hay hiu còn ngon hơn với số tiền bỏ ra"
"{'name': 'Kagama Nguyen', 'link': 'https://www.google.com/maps/contrib/103211761345057912719?hl=vi', 'contributor_id': '103211761345057912719', 'thumbnail': 'https://lh3.googleusercontent.com/a-/ALV-UjXLntJWCtCXlx7QLrhNbNLHTz0SzrlBJXAsxVycForctsNOc94=s120-c-rp-mo-br100', 'local_guide': True, 'reviews': 1, 'photos': 0}",1.0,một tháng trước,"Thúc đòi tiền cho dữ xong mới cho đăng kí thi
Hỏi thì giảng viên không thèm trả lời
Đóng tiền thi kèm tiền ôn xong mới ra thông báo đăng kí thi, và thắc mắc đi hỏi giảng viên thì không trả lời và em phải tốn thêm 2 tháng để chờ đó???"
"{'name': 'Minh Quí Nguyễn', 'link': 'https://www.google.com/maps/contrib/116972446655233606796?hl=vi', 'contributor_id': '116972446655233606796', 'thumbnail': 'https://lh3.googleusercontent.com/a-/ALV-UjVLhGqVVj_dOc3jfS_f4h7bMBm8HhYFj-e0PO06Bb06rZQbBCh49w=s120-c-rp-mo-br100', 'local_guide': True, 'reviews': 1, 'photos': 0}",1.0,một tháng trước,"Dồn ăn tiền sinh viên cho lắm xong đăng kí thi rồi lại bảo đóng tiền rồi mới đăng kí
Ủa v sao từ đầu không để là thi trước rồi đăng kí? Hỏi giảng viên cũng không cho 1 câu trả lời là muốn trả lời hay không giảng viên cũng im luôn xong tới lúc có danh sách thì kêu là đóng tiền rồi phải đăng kí mới có tên
Giảng viên thì không muốn trả lời cũng không cho được phương án để tự tìm cách giải quyết mặc dù chỉ có 1 mình giảng viên đó để mình tin tưởng nhưng không ạ
Rồi sao nữa, chưa tính là đăng kí vẫn thu tiền
TRƯỜNG THIẾU TIỀN QUÁ Ạ?"
"{'name': 'Minh Đức', 'link': 'https://www.google.com/maps/contrib/113464064804571915435?hl=vi', 'contributor_id': '113464064804571915435', 'thumbnail': 'https://lh3.googleusercontent.com/a/ACg8ocKdwHbEHGHSUeqH83v-ilUFDNocGNOLxcErjt52areQyQMzhkE=s120-c-rp-mo-br100', 'local_guide': True, 'reviews': 9, 'photos': 2}",1.0,2 tháng trước,Lúc mò tới các trg cấp 3 tuyển sinh thì cam kết k tăng học phí. Vô rồi thì tăng 8% 1 năm là sao. Né lẹ đi mấy em ơi
"{'name': 'Vân An', 'link': 'https://www.google.com/maps/contrib/111124943965916108452?hl=vi', 'contributor_id': '111124943965916108452', 'thumbnail': 'https://lh3.googleusercontent.com/a-/ALV-UjVbqtrbQnUbee79_ecJpFpKiQ8NO-c_a7OiNYPJD1UqIcinf1wd=s120-c-rp-mo-br100', 'local_guide': True, 'reviews': 3, 'photos': 9}",5.0,một năm trước,"Môi trường ở đây khá tốt, ở trung tâm thành phố nhưng lại có được khuôn viên riêng không quá ồn ảo bởi xe cộ, trường thế này thì quả thật học có thể tập trung được tốt, cho trường 5 sao."
"{'name': 'Auxi_han', 'link': 'https://www.google.com/maps/contrib/102372526878371970330?hl=vi', 'contributor_id': '102372526878371970330', 'thumbnail': 'https://lh3.googleusercontent.com/a-/ALV-UjVSLIZUZhqw-r0l5YSVmgC17aWPJsC0ssHnyPcVWgUJ0kuNivfi=s120-c-rp-mo-br100', 'local_guide': True, 'reviews': 4, 'photos': 3}",5.0,2 năm trước,"trường ok lắm nha, mát mẻ nữa tui có bạn học bên này. Vào trường thì thấy mn ai cũng dth hết chơn á"
